Latitude,Longitude,Change in first bloom date
30.88,-87.79,3.05
34.69,-86.88,5.45
30.55,-87.88,8.920634921
34.23,-87.64,-6.928571429
32.47,-87.23,3.285714286
34.29,-85.97,1.6
34.67,-86.05,-1.7
34.57,-85.61,-10.375
34.31,-112.17,-9.325
32.75,-109.12,-9.825
34.11,-109.86,-12.625
34.61,-111.84,-7.412698413
34.8,-109.89,-8.055555556
34.57,-112.43,-11.825
33.43,-111.92,-11.04166667
34.93,-112.81,-13.41666667
35.24,-112.19,-9.26984127
35.52,-111.37,-8.885714286
34.8,-92.84,5.984126984
35.83,-91.79,-0.111111111
35.23,-93.17,0.541666667
34.05,-94.35,2.85
34.98,-91.5,-10.2
35.99,-92.72,-0.1
36.43,-94.45,-15.53333333
33.71,-93.56,1.15
35.85,-90.66,5.928571429
34.6,-91.99,3.425
36.42,-92.92,4.625
34.39,-92.84,5.475
34.74,-90.77,-2.75
33.93,-93.85,-5.575
35.6,-91.27,5.375
34.96,-93.16,-7.541666667
34.23,-92.02,6.525
36.26,-90.97,3.416666667
33.82,-93.39,4.063492063
35.27,-91.72,-1.128571429
34.47,-91.42,-8
35.25,-90.8,-2.75
39.39,-120.09,-13.775
34.19,-118.35,-3.528571429
38.28,-120.31,-8.111111111
39.09,-120.95,-6.013888889
32.99,-116.59,-17
38.54,-121.78,-9.05
39.56,-120.82,-15.625
38.27,-122.07,-10.59722222
41.87,-120.16,-3.766666667
37,-119.71,-11.6
38.43,-122.86,-12.95
36.32,-119.64,-8.388888889
33.7,-115.63,-2.242857143
33.24,-116.76,-7.041666667
37.96,-119.78,-17.375
34.15,-115.12,-3.966666667
36.21,-121.14,-6.583333333
36.38,-119.03,-7.25
36.2,-119.05,-8.944444444
37.68,-121.75,-12.74285714
34.65,-120.45,-8.475
37.06,-120.87,-10.85
36.59,-121.86,-6.625
37.34,-121.63,-33.5
38.28,-122.26,-8.275
39.25,-121,-20.91428571
34.45,-119.23,1.35
39.75,-122.2,-15.225
34.15,-118.14,-6.814285714
35.63,-120.69,-4.4
39.81,-120.47,-8.9
33.74,-117.87,-10.69444444
40.48,-124.1,-11.075
40.71,-122.42,-14
38.3,-122.46,-9.25
39.59,-122.53,-4.575
39.53,-121.16,-7.634920635
39.17,-120.14,-9.1
34.13,-116.04,-9.475
34.07,-118.44,-6.305555556
34.53,-117.29,-13.05714286
36.33,-119.3,-4.366666667
38.53,-121.98,-10.825
38.68,-121.79,-8.257142857
34.18,-118.57,-11.04285714
41.7,-122.64,-10.35
39.41,-105.48,5.414285714
39.99,-105.27,-2.085714286
38.82,-106.13,-5.305555556
39.22,-105.28,-5.385714286
38.44,-107.56,-4.625
39.37,-106.19,-9.946428571
38.44,-106.76,-2.46031746
38.87,-106.98,1.305555556
37.69,-106.31,-3.958333333
39.62,-106.03,0.05
40.58,-105.09,-14.675
40.27,-105.83,-6.65
40.19,-105.87,-5
37.73,-105.51,-3.275
38.53,-106.97,-2.3
40.49,-107.25,-6.569444444
37.75,-107.1,-10.24285714
38.05,-102.13,-0.4
40.55,-102.34,-1.528571429
39.49,-105.1,1.725
38.09,-102.63,-3.7
38.06,-103.22,-5.525
37.2,-108.49,-5.75
38.49,-107.88,-12.66666667
39.11,-108.35,-5.642857143
38.04,-103.69,-7.214285714
40.49,-106.82,-1.15
38.82,-106.61,-3.375
37.95,-107.87,1.125
37.38,-107.58,-6.5
40.74,-106.28,2.5
37.63,-104.8,-3.375
40.43,-105.21,-3.075
38.13,-105.47,-8.152777778
40.12,-102.72,-6.611111111
41.97,-73.22,-2.375
39.15,-75.51,-7.033333333
39.77,-75.54,-5.533333333
30.78,-85.55,4.866666667
27.44,-80.35,-3.555555556
28.8,-82.31,5.25
30.29,-81.39,-5.7
30.11,-83.18,5.6
27.94,-81.6,-5.4
28.02,-82.14,-3.95
28.15,-82.75,-2.625
34.85,-83.94,-9.025
32.38,-81.67,2.833333333
33.6,-85.08,-3.875
34.06,-85.23,-3.793650794
34.89,-83.4,0.375
34.52,-83.53,-1.225
32.2,-83.21,3.285714286
34.3,-83.86,0.433333333
34.35,-82.93,2.625
34.48,-84.45,-1.031746032
33.01,-82.39,2.642857143
31.18,-83.75,1.542857143
34.24,-85.16,3.457142857
31.45,-83.48,4.885714286
42.95,-112.83,3.791666667
48.69,-116.31,-3.388888889
44.57,-116.68,-7.380952381
44.24,-112.2,-14.725
43.85,-116.47,-0.055555556
43.03,-112.43,0.714285714
42.56,-111.76,-3.542857143
43.97,-112.26,-4.682539683
47.53,-116.13,-0.5
42.12,-111.31,2.75
44.89,-116.1,-12.75
42.68,-113.5,-5.925
46.73,-116.96,-2.875
42.23,-113.89,-7.933333333
44.08,-116.93,-11.37142857
46.96,-116.86,-1.625
48.35,-116.84,-7.625
43.05,-114.16,-2.025
43.95,-111.68,-2.433333333
47.32,-116.58,-6.133333333
43.24,-116.38,-0.225
47.48,-115.93,-13.85714286
41.2,-90.74,1.271428571
41.78,-88.31,0.425
37.73,-89.17,0.533333333
39.48,-88.17,-9.5
41.74,-87.78,-4.325
40.14,-87.65,-7.458333333
41.84,-89.51,3.333333333
37.99,-89.19,-5.25
38.38,-88.33,-6.013888889
41.9,-90.15,-0.075
40.95,-90.39,0.65
39.16,-89.49,-6.222222222
40.47,-87.69,-3.028571429
39.73,-90.2,-0.475
40.58,-90.97,-1.125
40.15,-89.34,-2.412698413
40.91,-89.03,-1.5
40.94,-90.64,0.5
41.79,-89.97,4.875
42.1,-89.98,1.975
38.36,-88.86,-2.263888889
41.33,-88.91,1.285714286
39.62,-87.67,0.871428571
42.4,-89.99,-0.075
39.79,-88.29,-0.125
40.08,-88.24,-1.514285714
41.56,-89.6,1.833333333
39.44,-90.38,1.15
39.45,-88.6,-0.861111111
41.66,-85.02,-0.05
40.67,-84.93,0.942857143
39.42,-85.01,-8.19047619
39.17,-85.92,-7.814285714
40.3,-86.51,-5.857142857
41.56,-85.88,-1.15
39.79,-85.76,0.73015873
41.61,-86.73,0.9
39.4,-86.45,-0.222222222
39.89,-85.4,-0.6
38.89,-86.55,2.214285714
38.36,-87.59,-1.46031746
41.07,-86.21,-0.65
39.76,-87.23,-2.366666667
39.6,-85.45,-3.033333333
38.55,-86.79,-10.5
39.28,-86.77,-1.303571429
37.95,-86.77,-3.25
40,-86.35,-3.971428571
41.03,-86.59,1.75
42.75,-92.8,2.425
41.42,-95,-5.5
41.88,-92.28,-1.366666667
42.26,-90.42,1.65
42.04,-93.89,1.928571429
42.07,-94.85,-1.652777778
42.3,-91.01,2.057142857
42.05,-91.59,-5.541666667
41.02,-93.28,1.763888889
43.06,-92.67,1.625
42.76,-95.54,2.325
40.72,-95.02,-2.35
41.79,-90.26,-4.8
43.3,-91.8,-4.642857143
42.04,-95.33,-0.2
42.54,-90.65,1.05
42.78,-91.45,4.375
41.02,-91.96,1.085714286
42.88,-91.83,1.257142857
43.28,-93.63,1.888888889
42.58,-94.2,1.975
41.29,-94.45,-3.25
42.36,-92.76,0.275
41.67,-94.5,0.475
42.79,-91.1,-1.85
42.76,-93.2,0.225
41.37,-93.65,-0.633333333
41.61,-91.51,1.527777778
42.52,-93.25,1.35
40.75,-91.96,0.557142857
41.57,-90.4,-0.15
42.78,-96.15,0.65
42.16,-95.78,0.625
42.08,-90.66,2.888888889
42.06,-92.92,1.375
43.16,-93.2,0.8
43.38,-95.18,-1.457142857
40.95,-91.56,2.666666667
41.41,-91.07,-0.3
43.05,-92.31,1.319444444
41.71,-93.03,2.208333333
43.28,-92.83,1.142857143
42.73,-94.66,2.325
41,-95.24,-2.585714286
43.43,-96.17,0.95
42.4,-94.63,-1.025
42.42,-94.98,3.625
43.18,-95.66,2.375
40.77,-95.37,-1.486111111
43.4,-95.75,3.475
41.34,-92.23,1.916666667
43.17,-95.15,-2.5
42.65,-95.19,-2.388888889
42.04,-92.58,2.45
42.15,-92.01,5.349206349
41.28,-91.71,2.475
42.47,-93.8,4.027777778
41.67,-92,3.589285714
38.93,-97.21,-17.55
37.19,-99.76,-3.079365079
39.8,-101.04,-3.2
39.82,-97.64,-2.555555556
38.8,-99.72,-9
37.81,-100.35,-8.875
39.37,-97.13,-1.675
37.27,-99.33,-18
37.17,-94.83,-3.466666667
38.37,-96.55,-1.7
37.01,-101.89,-5.625
38.37,-98.82,0.833333333
38.86,-99.34,-9.875
38.6,-100.62,-7.725
38.67,-96.95,-1.342857143
37.47,-96.27,3.266666667
38.1,-98.66,-6.708333333
37.16,-101.34,-6.375
37.24,-95.7,-3.625
37.65,-98.13,-2.142857143
37.94,-101.25,-7.625
37.03,-100.91,-1.475
39.03,-98.13,-1.7
39.2,-96.58,-5.075
39.84,-96.64,-7.866666667
37.29,-100.35,-2.317460317
39.12,-97.7,-4.35
37.19,-95.45,3.142857143
38.02,-97.36,-5.45
39.74,-99.84,-6.888888889
38.61,-95.28,2.55
37.37,-95.29,2.971428571
39.07,-100.24,-9.517857143
39.77,-101.81,-0.366666667
38.47,-100.92,-2.575
37.13,-96.18,-2.366666667
38.21,-98.21,-4
37.99,-101.74,-2.225
38.47,-101.77,-4.925
39.83,-95.09,-1.15
37.6,-101.29,1.277777778
39.01,-99.87,-7.125
39.21,-96.37,-1.9
39.81,-97.06,0.5
37.27,-97.42,-0.714285714
37.29,-96.94,-0.785714286
38.12,-83.53,1.525
37.76,-87.65,0.8
37.35,-87.52,-6.819444444
36.61,-88.3,-0.3
36.75,-86.23,2.3
31.32,-92.46,1.174603175
30.2,-91.13,0.7
30.07,-91.03,4.575
30.42,-92.04,0.728571429
32.81,-93.06,14.36666667
29.96,-91.71,0.027777778
30.2,-92.66,6.157142857
31.14,-93.24,2.9
30.73,-91.37,-3.5
44.4,-68.99,2.275
44.92,-69.24,-3.175
44.69,-70.16,0.925
44.22,-69.79,-1.875
44.8,-69.89,2.958333333
45.15,-67.4,-5.301587302
39.03,-76.93,-10.025
39.64,-77.7,-5.9
38.94,-77.11,-2.333333333
38.91,-76.97,-4.652777778
39.41,-79.4,-4.871428571
38.72,-76.19,-7.45
39.51,-79.14,-2.75
38.23,-75.38,-12.55555556
42.39,-72.54,1.875
42.21,-71.11,-2.3
41.39,-70.52,-12.83333333
42.76,-71.06,5.625
42.59,-71.02,2.888888889
41.79,-70.92,-4.138888889
41.92,-84.02,-0.066666667
42.3,-83.66,-2.291666667
46.59,-89.55,4.698412698
42.38,-85.96,7.26984127
45.65,-84.47,6.375
41.96,-84.99,2.15
44.28,-83.5,3.625
45.03,-84.71,7.277777778
44.65,-84.7,5.825
43.2,-85.24,1.847222222
43.83,-82.64,5.085714286
42.64,-85.29,4.958333333
44.31,-84.89,4.055555556
45.79,-88.08,2.375
46.47,-90.19,7.444444444
44.31,-85.21,4.575
45.95,-86.25,4
43.46,-86.42,2.1
45.41,-84.22,3.285714286
45.37,-84.98,7.75
42.98,-82.42,0.301587302
46.06,-88.63,8.25
44.01,-83.9,4.6
41.93,-85.64,6.527777778
45.17,-84.44,4.972222222
44.25,-84.2,1.763888889
43.61,-93.3,-0.097222222
45.39,-96.13,-1.349206349
43.65,-92.97,1.725
44.72,-96.27,2.7
45.58,-94.39,1.375
47.82,-96.61,5.566666667
43.7,-92.56,3.225
47.24,-93.5,1
47.23,-95.19,3.514285714
44.65,-93.64,1.7
47.25,-94.22,3.133333333
45.13,-94.53,4.625
45.96,-94.89,6.8
44.47,-95.79,0.6
45.12,-95.93,-4.225
45.59,-95.87,2.125
46.67,-94.11,1.525
44.01,-96.33,-2.05
47.88,-96.28,3.791666667
44.72,-93.1,-0.557142857
44.24,-95.63,3.375
44.07,-93.53,0.75
45.81,-96.5,3.142857143
43.88,-95.12,-0.771428571
43.76,-94.17,-1.275
44.3,-92.67,2.833333333
31.25,-89.34,3.933333333
34.37,-89.53,5.333333333
39.89,-94.36,-1.142857143
38.19,-94.02,-4.042857143
40.14,-91.52,-3.361111111
39.36,-93.49,-1.075
39.16,-90.78,-9.833333333
37.79,-90.41,-2.722222222
39.72,-91.37,-4.575
37.38,-89.67,2.814285714
38.58,-92.18,-1.361111111
38.2,-92.62,-14.85
37.6,-94.28,-8.033333333
37.55,-91.88,-8.95
37.39,-93.95,-0.725
37.32,-92.98,-2.1
37.15,-92.26,2.888888889
36.87,-94.36,-4.85
37.84,-94.37,-0.763888889
39.42,-92.81,-1.65
39.64,-91.25,-4.984126984
38.68,-93.22,2.175
39.97,-91.89,-1.275
38.97,-93.42,0.466666667
37.81,-92.23,-4.533333333
47.88,-114.03,-2.833333333
45.83,-109.95,-3.575
45.77,-108.48,-2.475
45.66,-111.05,-6.45
48.52,-105.3,-0.75
45.44,-105.41,-12.75
45.54,-106.96,-3.875
48.59,-109.23,3.4
47.82,-112.19,-5.525
45.89,-106.63,0.175
45.64,-109.27,0.875
48.19,-114.13,-0.725
48.15,-104.52,-4.775
45.21,-112.64,-3.833333333
45.89,-104.55,-3.025
45.34,-111.71,-1.5
47.62,-111.99,1.066666667
46.82,-108.37,-5.15
48.5,-109.8,-1.728571429
47.6,-112.75,1.7
47.03,-108.8,-6.444444444
46.99,-112.01,-5
48.34,-114.02,-8.225
45.92,-108.25,-7.152777778
46.29,-107.23,-7.936507937
48.3,-114.26,-3.85
46.6,-107.87,-7.157142857
45.24,-109.73,1.65
45.49,-111.63,-12.85
48.7,-106.32,4.971428571
47.68,-114.24,0.166666667
45.97,-109.25,-4.028571429
45.18,-109.26,-6.375
47.45,-104.34,-6.875
46.79,-105.3,-3.775
46.3,-111.45,-7.2
48.5,-113.98,-9.042857143
46.99,-104.16,1.133333333
42.55,-99.85,-8.642857143
41.57,-101.69,-7.013888889
42.51,-99.03,3.888888889
40.37,-95.75,-4.725
40.13,-99.83,-1.8
41.67,-103.1,-9.174603175
41.41,-99.68,0.875
41.77,-99.18,-7.4
42.91,-98.85,0.871428571
40.28,-100.14,-1.25
41.46,-97.33,-3.611111111
40.61,-96.87,-3.722222222
40.23,-100.83,-2.725
40.07,-97.17,-4.685714286
41.43,-96.47,-1.35
40.54,-97.59,-9.125
41.45,-97.76,-5.8
42.9,-102.2,1.666666667
40.94,-100.15,-6.414285714
42.69,-103.88,4.111111111
40.65,-98.38,-3.275
40.18,-97.59,-4.3
40.45,-99.38,0.475
40.51,-101.65,-1.071428571
40.73,-99.01,-5.475
41.21,-101.67,-1.525
41.15,-102.64,0.888888889
40.85,-101.54,-2.866666667
40.52,-98.95,-2.7
42.06,-97.97,3.125
41.13,-101.72,-2.513888889
41.18,-97.55,-2.388888889
41.4,-102.35,-6
41.03,-98.92,-0.75
40.1,-98.52,-1.972222222
40.67,-96.19,-3.166666667
40.35,-96.19,-1.825
41.85,-96.71,1.2
36.44,-115.36,-2.793650794
39.46,-118.78,-4.1
38.95,-119.78,-8.75
40.2,-115.49,-3.25
35.47,-114.92,-13.04761905
44.45,-71.19,-0.7
43.14,-70.95,-1.15
45.09,-71.29,-4.025
43.71,-72.29,-5.725
42.94,-72.32,5.225
44.26,-71.25,-0.825
40.74,-74.35,-7.3
41.03,-74.42,-4.1
40.57,-74.88,-0.775
40.27,-74.56,-1
39.8,-74.78,-8
35.87,-103.18,1.9
32.75,-104.38,3.15
36.84,-108,-8.266666667
32.9,-107.31,-9.257142857
36.47,-104.95,-5.057142857
32.83,-108.5,-3.625
34.6,-103.22,-1.725
35.41,-104.19,2.014285714
35.86,-106.32,-12.28571429
32.95,-105.82,-7.111111111
35.2,-103.69,-5.111111111
35.95,-106.75,-4.392857143
43.22,-78.22,-0.944444444
42.31,-78.02,2.075
43.44,-75.37,2.65
42.85,-77.28,-1.05
42.72,-74.93,5.15
42.56,-77.72,-0.342857143
42.25,-74.91,4.2
42.1,-76.84,2.2
42.33,-78.46,3.375
44.35,-75.51,4.25
43.75,-74.28,-1.4
42.45,-76.45,2.425
43.79,-75.48,2.275
41.77,-74.15,-7.242857143
42.51,-75.52,-1.257142857
43.45,-76.54,-6.253968254
41.39,-74.69,4.875
40.96,-72.72,-6.208333333
35.71,-79.84,0.725
35.5,-82.6,-6.166666667
35.91,-79.08,-3.9
35.41,-80.56,-4.45
35.31,-83.17,-2
36.02,-76.55,-10.625
35.06,-78.86,-10.34285714
35.18,-83.39,-0.35
35.27,-81.14,-2.325
34.89,-79.69,-3.305555556
35.06,-83.2,4.430555556
35.97,-79.97,-9.15
36.4,-77.42,0.357142857
35.18,-79.68,-12.375
34.75,-79.47,-0.5
35.91,-81.54,0.925
35.85,-80.26,2.075
35.8,-82.67,-8.25
34.98,-80.52,-1.888888889
34.73,-76.74,2.375
35.73,-81.67,-1.263888889
36.5,-80.65,1.425
35.27,-82.65,-3.35
35.87,-76.66,-10.25
35.79,-78.7,-3.986111111
35.68,-80.48,-6.075
35.31,-81.57,-6.85
35.81,-80.88,7.625
35.88,-77.54,-4.013888889
36.4,-81.31,-0.342857143
35.21,-82.25,1.675
35.49,-82.97,1.975
35.85,-77.03,-3.875
35.69,-77.95,-4.7
46.04,-99.37,2.152777778
48.82,-100.45,-0.325
46.19,-103.37,4.5
48.92,-103.3,-1.555555556
46.16,-98.4,1.6
47.92,-97.1,1.9
46.88,-98.69,5.125
48.67,-102.1,-1.533333333
47.48,-100.45,-3.114285714
47.58,-98.64,1.275
46.39,-97.24,1.027777778
48.18,-101.3,1.975
46.51,-99.77,6.079365079
46.54,-102.87,-2.466666667
46.89,-101.49,2.775
47.52,-100.89,4.142857143
48.61,-100.73,2.285714286
40.35,-83.78,1.603174603
41.38,-83.61,-0.1
40.81,-82.97,-3.825
41.59,-81.19,2.85
39.61,-82.96,0.625
40.24,-81.87,0.3
41.28,-84.38,-2.325
41.05,-83.66,-4.75
38.82,-82.18,-1.333333333
40.1,-84.65,-7.1
39.23,-83.61,-2.2
41.31,-81.15,5.25
40.72,-84.13,-0.266666667
40.19,-83.27,-6.3
40.09,-82.41,0.175
39.73,-82.22,2.35
41.75,-81.3,-7.6
40.95,-83.96,-3.45
38.76,-82.89,0.666666667
40.1,-83.78,-1.8
40.85,-84.58,2.6
41.2,-80.81,5.2
41.52,-84.15,1.55
39.11,-82.98,-3
40.78,-81.92,-3.6
39.6,-83.91,-7.375
35.39,-99.51,-6.26984127
36.42,-97.87,-1.825
36.59,-101.62,-3.571428571
36.23,-99.17,-2.392857143
36.39,-95.06,1.833333333
45.72,-120.21,5.746031746
42.21,-122.71,-5
43.15,-124.4,-10.16666667
45.64,-121.95,-7.1
46.11,-123.21,-5.2
45.21,-123.89,-16.425
44.63,-123.19,-7
43.79,-123.03,-4.528571429
43.72,-123.06,-6.5
42.9,-122.13,-6.194444444
44.95,-123.29,-10.325
43.78,-122.96,-7.5
45.27,-122.32,-13.70833333
45.52,-123.1,-1.328571429
45.3,-121.74,-10.84126984
45.45,-122.15,-9.375
45.37,-119.56,-2.828571429
45.68,-121.52,-8.233333333
44.1,-122.69,-8.475
43.98,-117.02,-1.95
44.61,-121.95,-11.35
45.48,-120.72,-3.566666667
45.03,-123.92,-9.825
43.65,-117.25,2.65
42.73,-122.52,-12.94285714
42.95,-123.36,-18.8
44.79,-122.82,-2.873015873
45.12,-122.07,-5.542857143
43.68,-121.69,-9.396825397
41.9,-78.71,1
39.8,-79.37,-4.375
41.4,-79.83,1.597222222
40.6,-79.12,1.55
41.5,-80.47,-2.971428571
41.68,-78.8,0.8
40.12,-76.43,-4.708333333
41.42,-78.75,-0.902777778
40.06,-77.52,-0.25
41.06,-80.06,4.342857143
40.79,-77.87,-1.5
41.75,-76.44,1.428571429
41.85,-79.15,2.7
41.49,-71.54,-10.1
34.53,-82.66,-1.025
33.29,-81.03,1.444444444
34.09,-82.59,-7.325
34.7,-79.88,-2.466666667
34.68,-81.2,-3.175
33.66,-82.19,-10.16666667
34.66,-82.82,-1.975
33.99,-81.02,-5.777777778
34.3,-79.88,-2.166666667
34.5,-82.02,-1.902777778
34.2,-81.41,2.325
34.88,-82.72,0.652777778
33.99,-81.77,3.361111111
34.64,-81.52,-3.7
33.94,-80.35,7.625
34.61,-81.67,-5.025
34.75,-83.08,0.125
34.37,-81.08,-2.885714286
34.94,-81.04,-6.861111111
43.49,-99.06,-0.775
43.65,-97.8,2.875
45.53,-102.47,-5.5
45.79,-97.75,2.793650794
44.33,-96.77,1.75
43.31,-96.59,5.166666667
43.04,-96.9,4.333333333
43.96,-101.86,0.619047619
44.38,-97.55,1.416666667
45.77,-99.62,5.7
45.03,-99.12,1.347222222
44.05,-96.59,5.541666667
44.07,-98.08,-0.228571429
44.41,-103.48,-2.85
45.02,-99.94,2.033333333
43.24,-99.43,3.1
43.44,-103.47,-8.325
43.9,-99.86,-6
44.35,-103.74,-4.925
45.94,-102.16,-6.825
45.84,-101.28,-1.575
43.24,-97.57,-5.3
44.52,-98.98,2.814285714
43.89,-100.71,-2.875
44.71,-103.43,-2.1
43.19,-103.24,0.267857143
45.9,-100.29,-0.916666667
45.67,-97.04,2.180555556
45.43,-101.08,-1.8
42.99,-97.87,1.35
42.76,-96.92,-3.5
43.69,-98.67,2.708333333
43.37,-99.84,1.7
43.5,-100.48,3.75
36.38,-84.87,-8.055555556
35.59,-89.26,0.542857143
36.25,-85.95,4.425
36.55,-87.34,-2.125
36.01,-85.13,-7.111111111
36.08,-87.4,-0.728571429
35.69,-83.54,0.638888889
36.11,-82.84,3.1
35.62,-88.85,-3.680555556
36.52,-82.53,-3.875
35.41,-86.81,-3.675
36.34,-88.86,6.8
35.67,-85.78,-8.3
35.92,-86.37,5.6
35.98,-83.2,-0.575
36.42,-82.98,1.222222222
36.47,-86.84,0.025
36.39,-89.03,-3.375
35.3,-87.76,-7.325
31.74,-99.98,-0.4
30.07,-94.29,-4.375
28.46,-97.71,1.585714286
29.8,-98.74,1.8
31.14,-99.35,1.5
34.98,-101.93,1.7
32.31,-97.41,8.3
30.33,-95.48,-5.380952381
33.66,-101.28,-4.125
33.2,-97.11,3.791666667
29.47,-96.94,-2.125
32.18,-94.8,5.933333333
32.02,-97.11,2.430555556
30.71,-95.54,2
33.21,-98.17,12.16666667
33.55,-102.38,2.625
30.74,-98.65,-4.625
29.68,-97.66,0.513888889
30.94,-95.92,11.01388889
32.49,-94.33,4.875
34.73,-100.54,-2.225
30.67,-104.02,-8.571428571
34.22,-102.73,-3.975
34.19,-101.7,-8.791666667
32.45,-100.53,4.575
31.81,-95.14,2.633333333
32.71,-102.66,1.628571429
33.7,-96.64,1.6
33.15,-95.63,0.325
34.56,-101.72,-4.275
32.75,-97.77,0.533333333
32.7,-96.02,2.325
37.44,-112.48,-11.33333333
38.71,-112.95,-6.75
37.61,-109.48,-13.875
40.62,-111.78,-4.557142857
40.4,-111.53,-5.525
39.29,-112.65,-5.35
40.17,-110.4,-10.97222222
40.97,-111.43,-8.6
40.36,-109.35,-4.366666667
37.03,-112.54,-10.85
41.83,-111.32,-1.35
39.56,-111.87,-5.142857143
41.75,-111.8,-2.075
39.26,-111.63,-5.525
39.71,-111.83,-0.95
39.37,-112.33,-1.625
39.63,-113.89,-6.638888889
41.26,-111.84,2.285714286
41.91,-111.81,-3.4
40.29,-109.96,-3.555555556
39.96,-111.78,-3.675
40.6,-111.58,-4.2
40.08,-111.6,-7.194444444
40.54,-112.32,-7.9
40.44,-109.54,-3.611111111
41.51,-111.16,-5.063492063
37.21,-112.98,-4.475
44.95,-72.19,-0.517857143
43.63,-72.98,6.3
44.42,-72.02,-1.525
37.2,-80.41,-4.5
37.09,-81.34,0.46031746
38.03,-78.52,-4.825
36.82,-79.41,-0.1
38.45,-78.94,-1.95
38,-79.83,-1.15
36.6,-78.3,-9.26984127
37.78,-79.44,2.275
39.14,-77.71,2.828571429
38.04,-78.01,-5.375
38.23,-78.12,-2.028571429
36.73,-76.6,-8.775
37.74,-77.04,-8.325
37.99,-76.78,-5.3
37.3,-76.7,-6.388888889
36.94,-81.06,-1.555555556
48.99,-122.76,-18.11111111
47.41,-121.76,-1.8
46.72,-122.95,-1.128571429
48.27,-117.74,-4.185714286
48.97,-122.33,-12.3
48.54,-121.74,2.125
47.66,-118.16,2.791666667
46.32,-118,1.3
48.71,-121.14,-4.736111111
47.01,-123.4,-13.125
47.96,-124.35,-16.25
46.82,-117.88,-2.566666667
47,-118.57,-8.925
47.14,-121.94,-13.7
48.9,-117.83,2.041666667
47.33,-118.7,-0.35
47.31,-121.86,-17.81428571
46.76,-117.19,-8.722222222
48.65,-118.74,-5.777777778
46.31,-119.26,6.042857143
47.12,-118.37,-0.625
47.23,-117.36,-5.55
45.68,-122.65,9.847222222
47.43,-120.31,-5.972222222
47.77,-118.72,2.325
48.47,-120.19,-5.958333333
39.27,-79.37,2.4
37.76,-81.19,3.725
38.98,-80.22,-2.5
39.27,-80.35,-5.985714286
39.46,-80.14,-10.75
38.93,-80.83,-0.575
38.68,-82.18,-9.571428571
38.19,-81.37,-8.375
38.1,-81.85,-8.125
39.47,-80.86,-2.875
39.62,-79.97,1.828571429
38.82,-81.71,-6.5
38.8,-81.36,1.589285714
37.79,-80.31,1.75
38.53,-81.92,-12.44444444
44.33,-91.92,1.25
45.3,-92.36,3.25
44.28,-88.44,2.6
43.46,-89.73,-0.4
45.09,-91.49,3.5
42.62,-89.39,1.9
44.03,-88.15,4.025
44.62,-88.75,0
45.53,-92.02,6.542857143
44.73,-92.46,7.236111111
43.8,-88.45,6.657142857
42.91,-88.86,2.7
43.57,-91.23,-1.5
43.24,-88.12,3.652777778
46.25,-91.8,4.910714286
44.12,-89.54,2.75
42.56,-87.82,2.325
42.83,-90.79,1.975
43.21,-91.1,0.425
44.09,-87.65,7.075
45.1,-87.62,8.8
44.64,-90.13,1.675
44.17,-90.35,0.2
45.13,-90.34,0.966666667
45.18,-89.66,3.5
45.89,-89.73,6.708333333
44.54,-90.54,1.9
44.89,-87.96,5.975
44.02,-88.56,-0.375
43.73,-87.97,5.125
43.53,-89.44,5.444444444
43.05,-91.14,3.15
42.7,-87.79,9.85
45.6,-89.45,7.152777778
45.42,-91.77,1.746031746
44.85,-92.61,4.375
44.75,-89.25,0.152777778
45.41,-92.65,1.555555556
44.76,-88.62,5.025
45.82,-91.88,3.075
44.51,-89.59,3.325
44.88,-87.34,2.847222222
44,-91.44,-1.555555556
44.14,-87.57,5.375
43.56,-90.88,4.069444444
45.36,-86.89,4.675
43.17,-88.74,5.65
44.35,-89.06,4.319444444
42.85,-88.72,4.736111111
43.61,-89.76,1.85
43.77,-111.03,-3.396825397
44.38,-108.04,-8.8
44.1,-105.12,-1.888888889
44.27,-105.45,-6.291666667
43.49,-110.76,2.55
43.71,-106.64,2.475
44.84,-108.4,-3.388888889
43.86,-110.59,-1.925
43.85,-104.19,0.553571429
43.25,-104.29,-9.4
44.84,-106.84,-4.365079365
44.92,-110.42,-3.375
44.09,-104.61,-3.553571429
44.98,-110.7,-1.458333333
35.14,-111.67,-9.2
33.63,-116.16,-1.875
33.8,-118.34,-7.444444444
39.34,-81.44,-8.875
35.74,-81.38,-9.45
35.59,-88.92,-3.225
32.69,-83.65,-2.125
37.07,-88.77,-9.775
33.37,-81.96,-6.275
32.13,-81.2,-3.675
36,-84.22,-8.275
30.59,-96.36,-0.319444444
38.78,-97.64,-11.80952381
36.77,-96.01,-1.775
42.2,-75.98,-0.569444444
28.42,-81.32,-4.75
29.17,-81.07,-4.425
27.96,-82.54,-5.7
30,-90.28,-1.75
29.95,-94.03,-3.175
29.65,-95.28,-3.85
25.92,-97.42,-0.402777778
29.54,-98.48,-1.45
27.78,-97.51,-2.430555556
28.72,-96.25,-1.3
38.3,-76.42,-8.442857143
35.89,-78.78,-10.875
36.1,-79.94,-13.25
39.38,-74.42,-9.425
38.89,-79.86,-7.819444444
37.32,-79.21,-6.675
39.4,-77.98,-8.675
39.65,-79.92,-9.325
36.9,-76.19,-11.85
39.87,-75.23,-9.725
37.51,-77.32,-8.95
37.32,-79.97,-10.175
38.85,-77.03,-11.95
34.19,-79.73,-5.6
34.27,-77.9,-5.375
36.94,-76.29,-8.257142857
34.9,-76.88,-5.35
36.82,-76.03,-10.31944444
39.67,-75.61,-8.15
32.78,-79.92,-3.4
38.52,-89.85,-14.57142857
32.33,-88.75,-3
38.38,-81.59,-7.25
39.28,-81.56,-5.266666667
31.54,-82.51,-2.3
33.59,-85.85,-5.15
35.6,-82.56,-10.525
33.95,-83.33,-11.875
33.63,-84.44,-10.65
33.57,-86.75,-5.125
36.48,-82.4,-9.125
31.15,-81.39,-2.95
32.9,-80.04,-5.25
35.22,-80.95,-9.725
35.03,-85.2,-11.925
33.95,-81.12,-7.15
30.48,-81.7,1.125
35.82,-83.99,-6
35.06,-89.99,-6.525
30.68,-88.24,0.95
32.3,-86.41,-3.625
34.74,-87.6,-8.15
36.11,-86.69,-10.175
30.48,-87.19,-0.775
32.52,-92.03,0.075
32.45,-93.84,-1.4
30.32,-97.76,-2.525
31.62,-97.23,3.55
32.84,-96.84,-2.6
32.41,-99.68,1.15
34.73,-92.24,-1.325
35.33,-94.37,-6.275
33.98,-98.49,0.25
35.39,-97.6,-9.525
36.2,-95.88,-8.9
36.74,-97.1,-9.9
30.54,-91.15,0.65
36.3,-99.77,-11.125
30.2,-91.99,-0.875
33.46,-93.99,0.65
33.5,-90.09,-2.325
37.16,-98.03,-3.25
37.67,-95.48,-12.175
37.76,-99.97,-11.975
37.15,-94.5,-10.175
39.13,-94.59,-11.5
38.75,-90.37,-10.9
37.24,-93.4,-11.7
39.07,-95.63,-12.775
44.32,-69.8,-2.15
44.8,-68.82,-2.25
46.87,-68.02,-5.9
46.12,-67.79,-1.45
40.78,-73.88,-8.05
42.95,-78.74,-0.35
40.68,-74.17,-7.975
42.75,-73.8,-3.775
40.65,-75.45,-7.75
42.36,-71.01,-2.225
41.94,-72.68,-5.5
44.47,-73.15,-4.925
43.21,-71.5,-3.225
43.34,-73.61,0.85
41.74,-72.65,-6.4
44.27,-71.3,-7.05
43.64,-70.3,-4.75
41.72,-71.43,-6.3
43.12,-77.68,-1.25
43.11,-76.1,-0.75
41.33,-75.72,-6.930555556
41.24,-76.92,-3.325
42.61,-82.82,0.685714286
40.31,-88.16,-2.575
44.27,-85.4,-0.2
41.41,-81.86,-3.825
39.99,-82.88,-6.575
42.41,-83.01,-1.4
41.01,-83.67,-6.725
42.97,-83.75,-4.325
40.97,-85.21,-3.325
43.98,-84.49,0.525
42.26,-84.46,-1.35
43.14,-89.35,-0.775
46.55,-87.38,6.225
42.96,-87.9,-3.425
43.17,-86.24,-3.2
45.56,-84.79,-2.125
40.67,-89.68,-6.8
43.53,-84.08,-3.2
41.45,-82.72,-1.1
46.48,-84.36,-4.825
41.71,-86.32,-1.125
44.74,-85.57,-1.75
41.25,-80.67,-5.825
42.08,-80.18,-4.25
40.92,-81.44,-9.3
44.93,-89.63,-1.75
44.5,-88.11,-2.95
45.87,-95.39,-3.1
46.84,-92.21,-3.825
46.92,-96.81,-0.175
47.94,-97.18,2.45
48.56,-93.4,1.85
46.93,-98.67,2.1
43.88,-91.25,-4.55
44.89,-93.23,-2.225
41.45,-90.52,-4.875
48.97,-97.24,4.761904762
43.9,-92.49,-0.7
45.54,-94.05,-0.425
45.46,-98.41,-1.925
41.53,-93.65,-7.425
40.96,-98.31,-8.925
44.38,-98.22,-1.275
43.15,-93.33,-1.075
41.98,-97.43,-7.075
41.31,-95.9,-8.35
42.39,-96.38,-5
43.59,-96.73,-3.625
44.9,-97.15,-1.15
41.1,-92.44,-4.8
44.87,-91.49,-0.7
44.55,-95.08,-2.8
45.77,-92.69,-1.2
34.43,-100.28,-2.45
33.31,-104.51,-3.45
31.94,-102.19,-0.275
31.37,-100.49,1.55
31.78,-103.2,2.566666667
33.65,-101.81,-8.575
31.81,-106.38,-5.425
35.23,-101.71,-11.875
35.04,-106.62,-8.875
36.45,-103.15,-14.475
35.66,-105.14,-10.825
37.44,-105.86,-8.375
39.76,-104.87,-6.175
39.37,-101.7,-11.15
39.13,-108.54,-7.325
38.05,-103.51,-13.875
37.26,-104.33,-11.35714286
33.81,-118.15,-7.347222222
39.3,-114.85,-7.8
35.43,-119.06,-5.45
37.37,-118.36,-10.25
33.62,-114.71,-2.425
32.13,-110.96,-7.775
34.85,-116.79,-4.75
36.07,-115.16,-18.025
38.37,-110.72,-10.54285714
33.94,-118.39,-5.5
34.77,-114.62,-8.875
33.43,-112,-11.425
34.65,-112.42,-13.5
39.51,-119.77,-23.775
32.73,-117.18,-4.05
34.42,-119.84,-4.3
35.03,-110.72,-11.05
38.51,-121.5,-8.5
36.66,-121.61,-9.357142857
37.62,-122.37,-11.91428571
37.89,-121.23,-9.9
37.63,-120.96,-7.958333333
38.56,-121.42,-10.55
37.77,-122.43,-7.5
34.89,-120.45,-8.3
46.77,-100.76,-1.2
46.8,-102.8,0.275
48.25,-101.27,-3.95
40.17,-103.21,-10.475
41.15,-104.81,-5.1
40.52,-101.03,-5.19047619
42.82,-108.73,-1.1
41.32,-105.67,0.45
41.12,-100.67,-9.025
44.38,-100.29,-1.6
41.59,-109.05,-1.6
41.87,-103.6,-9.55
44.76,-106.97,-1.975
42.86,-100.55,-9.075
45.81,-108.55,-8.075
47.05,-109.46,-4.675
46.43,-105.88,-3.55
41.81,-107.2,-1.625
42.9,-106.47,1.475
44.05,-103.05,0.85
40.82,-115.79,-12.25
40.77,-111.97,-12.925
40.9,-117.81,-10.45
44.84,-117.81,-6
43.57,-116.24,-13.2
45.79,-111.16,-4.35
42.55,-113.77,-7.175
45.96,-112.5,-5.45
48.6,-112.38,-3.925
47.31,-119.52,-4
47.47,-111.38,-2.45
46.6,-111.99,-10.75
43.52,-112.07,-3.775
46.37,-117.02,-10.3
45.7,-110.44,-6.8
46.92,-114.09,-5.95
45.69,-118.85,-2.75
42.92,-112.57,-5.125
47.62,-117.53,-7.425
46.09,-118.29,-4.85
40.07,-118.57,-1.95
40.81,-124.16,-3.35
40.15,-122.25,-11.425
48.8,-122.54,-15.975
45.62,-121.17,-9
44.13,-123.22,-9.8
42.38,-122.88,-13.8
46.97,-122.91,-8.55
45.6,-122.61,-14.125
44.26,-121.14,-8.875
44.91,-123,-13.675
47.44,-122.31,-22.05
42.6,-123.37,-14.1
46.56,-120.54,-10.225
43.41,-124.24,-10.05
39.23,-106.32,0.625
39.27,-103.67,-3.025
32.33,-104.26,3.4
38.81,-104.69,-12.85
36.03,-102.55,-9.975
35.07,-108.84,-8.225
32.69,-117.21,-4.575
37.71,-113.1,-5.975
34.02,-118.29,-4.1
34.23,-111.34,-12
36.78,-119.72,-13.375
35.67,-120.63,-9.525
35.07,-77.05,-5.125
38.34,-75.51,-8.575
39.17,-76.68,-9
30.4,-84.33,0
36.96,-86.42,-12.725
39.04,-84.67,-9.875
39.91,-84.22,-8.1
38.05,-87.51,-9.525
39.71,-86.28,-8.275
38.03,-84.61,-12.05
38.18,-85.73,-13.625
39.85,-89.68,-7.675
39.95,-81.89,-6.842857143
30.23,-81.67,-2.2
32.52,-84.94,-5.475
34.5,-82.71,-8.15
31.18,-90.47,-1.75
34.99,-99.05,-8
31.24,-94.75,-1.025
34.18,-91.93,-1.4
39.94,-91.2,-7.35
33.22,-92.81,4.916666667
38.87,-98.81,-11.675
48.21,-106.62,-4.5
41.16,-73.13,-5.791666667
44.21,-72.57,-2
44.93,-74.85,-0.925
40.78,-73.97,-8.45
42.27,-71.87,-2.35
40.64,-73.76,-6.3
43.99,-76.03,2
42.19,-89.09,-4.05
40.48,-80.21,-4.825
42.4,-90.71,-2
42.55,-92.4,-3.25
42.88,-97.36,-4.8
40.08,-95.59,-5.875
46.9,-95.07,-1.275
64.86,-147.85,-5.7
64.79,-141.2,-6.357142857
61.57,-149.25,-5.958333333
63.72,-148.97,-4.7
64.86,-147.86,-4.325
58.35,-134.56,-12.925
57.05,-135.37,-16.6
59.51,-139.67,-15.675
57.75,-152.49,-18.65
58.68,-156.63,-13.85714286
59.75,-154.91,-15.175
59.64,-151.49,-20.6
55.22,-162.73,-19.56944444
57.16,-170.22,-22.375
60.49,-145.44,-13.275
64.8,-147.88,-6.4
62.96,-141.94,-8.569444444
63.99,-145.72,-5.6
62.16,-145.46,-6.842857143
60.13,-149.42,-8.825
62.96,-155.61,-7.785714286
60.58,-151.24,-12.4
62.32,-150.1,-8.95
65.17,-152.11,-4.125
66.92,-151.52,-6.875
60.79,-161.83,-11.35
66.89,-162.61,-14.12857143
64.51,-165.44,-12.2