Latitude,Longitude,Change in first leaf date
30.88,-87.79,2.075
34.69,-86.88,6.55
30.55,-87.88,6.73015873
34.23,-87.64,-1.053571429
32.47,-87.23,2.873015873
34.29,-85.97,4.125
34.67,-86.05,1
34.57,-85.61,0.875
34.31,-112.17,-5.15
32.75,-109.12,-5.975
34.11,-109.86,-10.25
34.61,-111.84,-3.158730159
34.8,-109.89,-5.194444444
34.57,-112.43,-12.15
33.43,-111.92,-4.083333333
34.93,-112.81,-14.5
35.24,-112.19,-12.9047619
35.52,-111.37,-5.157142857
34.8,-92.84,7.714285714
35.83,-91.79,4.888888889
35.23,-93.17,3.458333333
34.05,-94.35,4.175
34.98,-91.5,-4.966666667
35.99,-92.72,7.625
36.43,-94.45,-9.066666667
33.71,-93.56,1.975
35.85,-90.66,8.128571429
34.6,-91.99,6.325
36.42,-92.92,9
34.39,-92.84,7.825
34.74,-90.77,-1.325
33.93,-93.85,-2.725
35.6,-91.27,7.375
34.96,-93.16,-4.625
34.23,-92.02,4.75
36.26,-90.97,8.583333333
33.82,-93.39,5.714285714
35.27,-91.72,5.571428571
34.47,-91.42,-5.475
35.25,-90.8,1.263888889
39.39,-120.09,-16.025
34.19,-118.35,-3.071428571
38.28,-120.31,-12.38888889
39.09,-120.95,-4.791666667
32.99,-116.59,-18.3
38.54,-121.78,-4.075
39.56,-120.82,-20.175
38.27,-122.07,-5.611111111
41.87,-120.16,-6.333333333
37,-119.71,-4.85
38.43,-122.86,-6.05
36.32,-119.64,-1.944444444
33.7,-115.63,-1.114285714
33.24,-116.76,-1.638888889
37.96,-119.78,-20.125
34.15,-115.12,-3.033333333
36.21,-121.14,-2.347222222
36.38,-119.03,-3.225
36.2,-119.05,-4.166666667
37.68,-121.75,-4.971428571
34.65,-120.45,-3.95
37.06,-120.87,-4.8
36.59,-121.86,-3.75
37.34,-121.63,-24.5
38.28,-122.26,-4.125
39.25,-121,-23.58571429
34.45,-119.23,-0.65
39.75,-122.2,-9.15
34.15,-118.14,-5.171428571
35.63,-120.69,-2.85
39.81,-120.47,-5.333333333
33.74,-117.87,-4.833333333
40.48,-124.1,-4.675
40.71,-122.42,-9.1
38.3,-122.46,-5
39.59,-122.53,-5.25
39.53,-121.16,-13.47619048
39.17,-120.14,-11.375
34.13,-116.04,-4.825
34.07,-118.44,-3.347222222
34.53,-117.29,-7
36.33,-119.3,-1.7
38.53,-121.98,-5
38.68,-121.79,-4.542857143
34.18,-118.57,-5.585714286
41.7,-122.64,-11.725
39.41,-105.48,1.771428571
39.99,-105.27,3.728571429
38.82,-106.13,-11.125
39.22,-105.28,-10.05714286
38.44,-107.56,-9.875
39.37,-106.19,-5.214285714
38.44,-106.76,-6.015873016
38.87,-106.98,0.222222222
37.69,-106.31,-7.527777778
39.62,-106.03,0.2
40.58,-105.09,-13.225
40.27,-105.83,-6.025
40.19,-105.87,-2.766666667
37.73,-105.51,-8.025
38.53,-106.97,-5.875
40.49,-107.25,-9.208333333
37.75,-107.1,-13.44285714
38.05,-102.13,2.05
40.55,-102.34,-3.414285714
39.49,-105.1,3.25
38.09,-102.63,-0.933333333
38.06,-103.22,-1.2
37.2,-108.49,-6.9
38.49,-107.88,-11.96666667
39.11,-108.35,-5
38.04,-103.69,0.357142857
40.49,-106.82,-4.925
38.82,-106.61,-2.775
37.95,-107.87,-1.675
37.38,-107.58,-9.85
40.74,-106.28,-0.025
37.63,-104.8,1.975
40.43,-105.21,-4.4
38.13,-105.47,-16.04166667
40.12,-102.72,-6.611111111
41.97,-73.22,-6.2
39.15,-75.51,-9.433333333
39.77,-75.54,-9
30.78,-85.55,3.7
27.44,-80.35,-3.333333333
28.8,-82.31,3.652777778
30.29,-81.39,-2.5
30.11,-83.18,2.7
27.94,-81.6,-3.675
28.02,-82.14,-3.875
28.15,-82.75,-1.95
34.85,-83.94,-4.225
32.38,-81.67,0.722222222
33.6,-85.08,0.125
34.06,-85.23,0.888888889
34.89,-83.4,8
34.52,-83.53,5.45
32.2,-83.21,3.642857143
34.3,-83.86,1.633333333
34.35,-82.93,5.675
34.48,-84.45,4.888888889
33.01,-82.39,2.928571429
31.18,-83.75,0.957142857
34.24,-85.16,4.414285714
31.45,-83.48,4.157142857
42.95,-112.83,1.041666667
48.69,-116.31,-5.305555556
44.57,-116.68,-8.031746032
44.24,-112.2,-14.7
43.85,-116.47,-0.666666667
43.03,-112.43,-1.985714286
42.56,-111.76,-2.785714286
43.97,-112.26,-6.492063492
47.53,-116.13,-0.4
42.12,-111.31,-0.725
44.89,-116.1,-12.5
42.68,-113.5,-11.5
46.73,-116.96,-5.225
42.23,-113.89,-6.2
44.08,-116.93,-10.92857143
46.96,-116.86,-4.125
48.35,-116.84,-6.65
43.05,-114.16,-6.5
43.95,-111.68,-4.166666667
47.32,-116.58,-7.5
43.24,-116.38,2.775
47.48,-115.93,-12.78571429
41.2,-90.74,-4.328571429
41.78,-88.31,-5.15
37.73,-89.17,1.833333333
39.48,-88.17,-11.125
41.74,-87.78,-11.525
40.14,-87.65,-4.416666667
41.84,-89.51,-2.1
37.99,-89.19,-2.75
38.38,-88.33,-4.166666667
41.9,-90.15,-4.625
40.95,-90.39,-5.225
39.16,-89.49,-7.222222222
40.47,-87.69,-8.3
39.73,-90.2,-0.875
40.58,-90.97,-6.6
40.15,-89.34,-7.968253968
40.91,-89.03,-7.325
40.94,-90.64,-6.075
41.79,-89.97,-1.575
42.1,-89.98,-3.75
38.36,-88.86,0
41.33,-88.91,-1.885714286
39.62,-87.67,-1.814285714
42.4,-89.99,-6.65
39.79,-88.29,-2.25
40.08,-88.24,-4.371428571
41.56,-89.6,-3.666666667
39.44,-90.38,1.425
39.45,-88.6,-4.138888889
41.66,-85.02,-8.425
40.67,-84.93,-3.314285714
39.42,-85.01,-8.619047619
39.17,-85.92,-6.571428571
40.3,-86.51,-9.698412698
41.56,-85.88,-7.125
39.79,-85.76,-3.111111111
41.61,-86.73,-4.95
39.4,-86.45,-1.166666667
39.89,-85.4,-3.475
38.89,-86.55,0.6
38.36,-87.59,1.063492063
41.07,-86.21,-8.75
39.76,-87.23,-4.933333333
39.6,-85.45,-5.433333333
38.55,-86.79,-10.3
39.28,-86.77,-0.142857143
37.95,-86.77,0.375
40,-86.35,-7.285714286
41.03,-86.59,-4.775
42.75,-92.8,-3.4
41.42,-95,-8.625
41.88,-92.28,-4.7
42.26,-90.42,-3.95
42.04,-93.89,-3.471428571
42.07,-94.85,-6.5
42.3,-91.01,-3.6
42.05,-91.59,-12.84722222
41.02,-93.28,-3.930555556
43.06,-92.67,-4.9
42.76,-95.54,-3.9
40.72,-95.02,-6.75
41.79,-90.26,-8.985714286
43.3,-91.8,-8.457142857
42.04,-95.33,-6.225
42.54,-90.65,-4.6
42.78,-91.45,-1.875
41.02,-91.96,-8.428571429
42.88,-91.83,-5.571428571
43.28,-93.63,-1.625
42.58,-94.2,-3.625
41.29,-94.45,-9.25
42.36,-92.76,-5.375
41.67,-94.5,-4.325
42.79,-91.1,-7.75
42.76,-93.2,-5.25
41.37,-93.65,-6.566666667
41.61,-91.51,-2.958333333
42.52,-93.25,-4.475
40.75,-91.96,-4.085714286
41.57,-90.4,-4.15
42.78,-96.15,-5.625
42.16,-95.78,-8.875
42.08,-90.66,-2.111111111
42.06,-92.92,-6
43.16,-93.2,-2.471428571
43.38,-95.18,-8.357142857
40.95,-91.56,-4.833333333
41.41,-91.07,-3.933333333
43.05,-92.31,-3.055555556
41.71,-93.03,-1.805555556
43.28,-92.83,-3.6
42.73,-94.66,-3.075
41,-95.24,-8.342857143
43.43,-96.17,-4.375
42.4,-94.63,-6.825
42.42,-94.98,-2.325
43.18,-95.66,-2.2
40.77,-95.37,-4.652777778
43.4,-95.75,-1.2
41.34,-92.23,-3.75
43.17,-95.15,-8.069444444
42.65,-95.19,-6.388888889
42.04,-92.58,-3.525
42.15,-92.01,-1.80952381
41.28,-91.71,-2.675
42.47,-93.8,-1.805555556
41.67,-92,-0.571428571
38.93,-97.21,-14.725
37.19,-99.76,3.142857143
39.8,-101.04,-3.7
39.82,-97.64,-4.791666667
38.8,-99.72,-8.722222222
37.81,-100.35,-6
39.37,-97.13,-3.45
37.27,-99.33,-11.28571429
37.17,-94.83,-0.966666667
38.37,-96.55,-0.85
37.01,-101.89,2.625
38.37,-98.82,-0.6
38.86,-99.34,-9.95
38.6,-100.62,-4.6
38.67,-96.95,-4.214285714
37.47,-96.27,4.866666667
38.1,-98.66,-2.527777778
37.16,-101.34,2.275
37.24,-95.7,0.825
37.65,-98.13,-2
37.94,-101.25,-0.375
37.03,-100.91,5.125
39.03,-98.13,-3.925
39.2,-96.58,-8
39.84,-96.64,-12.3
37.29,-100.35,4.603174603
39.12,-97.7,-5.85
37.19,-95.45,4.174603175
38.02,-97.36,-1.675
39.74,-99.84,-4.555555556
38.61,-95.28,3.275
37.37,-95.29,3.885714286
39.07,-100.24,-6.321428571
39.77,-101.81,0.8
38.47,-100.92,-0.875
37.13,-96.18,0.333333333
38.21,-98.21,-5.125
37.99,-101.74,-0.875
38.47,-101.77,-3.75
39.83,-95.09,-5.65
37.6,-101.29,4.763888889
39.01,-99.87,-7.575
39.21,-96.37,-4.7
39.81,-97.06,-2.053571429
37.27,-97.42,5.814285714
37.29,-96.94,2.771428571
38.12,-83.53,3.75
37.76,-87.65,3.025
37.35,-87.52,-0.222222222
36.61,-88.3,1.125
36.75,-86.23,3.05
31.32,-92.46,3.126984127
30.2,-91.13,1.925
30.07,-91.03,3.4
30.42,-92.04,1.157142857
32.81,-93.06,12.83333333
29.96,-91.71,1.555555556
30.2,-92.66,4.842857143
31.14,-93.24,2.3
30.73,-91.37,-2.45
44.4,-68.99,2.175
44.92,-69.24,-3.625
44.69,-70.16,0.7
44.22,-69.79,-2.8
44.8,-69.89,2.486111111
45.15,-67.4,-3.412698413
39.03,-76.93,-14.325
39.64,-77.7,-7.375
38.94,-77.11,1.166666667
38.91,-76.97,-4.416666667
39.41,-79.4,-15.31428571
38.72,-76.19,-6.325
39.51,-79.14,-11.375
38.23,-75.38,-8.166666667
42.39,-72.54,-2.4
42.21,-71.11,-6.75
41.39,-70.52,-22.73611111
42.76,-71.06,-1.35
42.59,-71.02,-3.916666667
41.79,-70.92,-8.888888889
41.92,-84.02,-7
42.3,-83.66,-10.75
46.59,-89.55,4
42.38,-85.96,-2.936507937
45.65,-84.47,5.35
41.96,-84.99,-7.475
44.28,-83.5,0.125
45.03,-84.71,4.888888889
44.65,-84.7,1.175
43.2,-85.24,-2.222222222
43.83,-82.64,3.271428571
42.64,-85.29,-2.888888889
44.31,-84.89,-2.555555556
45.79,-88.08,0.125
46.47,-90.19,2.694444444
44.31,-85.21,0.8
45.95,-86.25,6.75
43.46,-86.42,-1.75
45.41,-84.22,-3.875
45.37,-84.98,6.5
42.98,-82.42,-5.746031746
46.06,-88.63,5.05
44.01,-83.9,-0.271428571
41.93,-85.64,-0.652777778
45.17,-84.44,4.125
44.25,-84.2,-1.361111111
43.61,-93.3,-3.444444444
45.39,-96.13,-2.968253968
43.65,-92.97,-2.775
44.72,-96.27,-1.125
45.58,-94.39,-2.675
47.82,-96.61,3.3
43.7,-92.56,-3.15
47.24,-93.5,-3.957142857
47.23,-95.19,-1.428571429
44.65,-93.64,-1.025
47.25,-94.22,1.933333333
45.13,-94.53,0.125
45.96,-94.89,1.4
44.47,-95.79,-3.25
45.12,-95.93,-6.7
45.59,-95.87,-1.775
46.67,-94.11,-3
44.01,-96.33,-6.025
47.88,-96.28,-0.75
44.72,-93.1,-2.928571429
44.24,-95.63,-0.675
44.07,-93.53,-2.225
45.81,-96.5,0.814285714
43.88,-95.12,-7.214285714
43.76,-94.17,-5.55
44.3,-92.67,-0.466666667
31.25,-89.34,0.833333333
34.37,-89.53,5.027777778
39.89,-94.36,-3.1
38.19,-94.02,0.057142857
40.14,-91.52,-6.652777778
39.36,-93.49,-3.1
39.16,-90.78,-11.06666667
37.79,-90.41,-0.111111111
39.72,-91.37,-5.575
37.38,-89.67,5.228571429
38.58,-92.18,-0.152777778
38.2,-92.62,-9.525
37.6,-94.28,-4.7
37.55,-91.88,-4.2
37.39,-93.95,2.075
37.32,-92.98,1.125
37.15,-92.26,4.472222222
36.87,-94.36,1.9
37.84,-94.37,1.222222222
39.42,-92.81,-1.7
39.64,-91.25,-5.523809524
38.68,-93.22,4.925
39.97,-91.89,-2.3
38.97,-93.42,-0.266666667
37.81,-92.23,-0.266666667
47.88,-114.03,-5.7
45.83,-109.95,-2.55
45.77,-108.48,-4.875
45.66,-111.05,-9.3
48.52,-105.3,-7.166666667
45.44,-105.41,-16.45
45.54,-106.96,-9.25
48.59,-109.23,-0.725
47.82,-112.19,-12.5
45.89,-106.63,-7.4
45.64,-109.27,-5
48.19,-114.13,0.975
48.15,-104.52,-9.6
45.21,-112.64,-5.7
45.89,-104.55,-10.325
45.34,-111.71,-7.15
47.62,-111.99,-3.966666667
46.82,-108.37,-12.075
48.5,-109.8,-6.914285714
47.6,-112.75,6.5
47.03,-108.8,-11.86111111
46.99,-112.01,-5.25
48.34,-114.02,-7.325
45.92,-108.25,-11.26388889
46.29,-107.23,-8.714285714
48.3,-114.26,-4.1
46.6,-107.87,-11.2
45.24,-109.73,-1.35
45.49,-111.63,-15.625
48.7,-106.32,1.6
47.68,-114.24,-1.722222222
45.97,-109.25,-9.214285714
45.18,-109.26,-6.85
47.45,-104.34,-11.6
46.79,-105.3,-10.775
46.3,-111.45,-16.03333333
48.5,-113.98,-9.428571429
46.99,-104.16,-8.666666667
42.55,-99.85,-12.08571429
41.57,-101.69,-10.75
42.51,-99.03,-4.944444444
40.37,-95.75,-8.925
40.13,-99.83,-3.225
41.67,-103.1,-5.841269841
41.41,-99.68,-5.430555556
41.77,-99.18,-14.93333333
42.91,-98.85,-7.242857143
40.28,-100.14,-1.95
41.46,-97.33,-4.847222222
40.61,-96.87,-6.486111111
40.23,-100.83,-1.575
40.07,-97.17,-9.671428571
41.43,-96.47,-5.525
40.54,-97.59,-11.525
41.45,-97.76,-9.275
42.9,-102.2,-6.444444444
40.94,-100.15,-7.157142857
42.69,-103.88,-2.763888889
40.65,-98.38,-4.575
40.18,-97.59,-6.65
40.45,-99.38,-2.7
40.51,-101.65,-3.671428571
40.73,-99.01,-10.825
41.21,-101.67,-0.9
41.15,-102.64,-0.555555556
40.85,-101.54,-4.5
40.52,-98.95,-3.925
42.06,-97.97,-5.5
41.13,-101.72,-1.583333333
41.18,-97.55,-6.861111111
41.4,-102.35,-10.17142857
41.03,-98.92,-5.375
40.1,-98.52,-3.722222222
40.67,-96.19,-8.375
40.35,-96.19,-3.25
41.85,-96.71,-3.35
36.44,-115.36,-0.53968254
39.46,-118.78,-1.633333333
38.95,-119.78,-5.625
40.2,-115.49,-6.75
35.47,-114.92,-6.158730159
44.45,-71.19,0.475
43.14,-70.95,-6.1
45.09,-71.29,-2.725
43.71,-72.29,-8.05
42.94,-72.32,0.675
44.26,-71.25,-1.475
40.74,-74.35,-10.9
41.03,-74.42,-6.875
40.57,-74.88,-7.75
40.27,-74.56,-8.65
39.8,-74.78,-13.56666667
35.87,-103.18,9.166666667
32.75,-104.38,3.225
36.84,-108,-5.333333333
32.9,-107.31,-4.428571429
36.47,-104.95,-0.2
32.83,-108.5,-0.25
34.6,-103.22,5.975
35.41,-104.19,8.757142857
35.86,-106.32,-5.957142857
32.95,-105.82,0.833333333
35.2,-103.69,-4.277777778
35.95,-106.75,-8.928571429
43.22,-78.22,-8.666666667
42.31,-78.02,-4.775
43.44,-75.37,0.85
42.85,-77.28,-9.825
42.72,-74.93,0.275
42.56,-77.72,-8.442857143
42.25,-74.91,-0.866666667
42.1,-76.84,-4.075
42.33,-78.46,-4.5
44.35,-75.51,-0.8
43.75,-74.28,-0.325
42.45,-76.45,-5.125
43.79,-75.48,-1.9
41.77,-74.15,-13.35714286
42.51,-75.52,-2.871428571
43.45,-76.54,-8.015873016
41.39,-74.69,-0.125
40.96,-72.72,-13.58333333
35.71,-79.84,6.2
35.5,-82.6,-3.033333333
35.91,-79.08,2.1
35.41,-80.56,1.45
35.31,-83.17,6.45
36.02,-76.55,-2.875
35.06,-78.86,-3.714285714
35.18,-83.39,2.875
35.27,-81.14,3.375
34.89,-79.69,3.527777778
35.06,-83.2,-0.652777778
35.97,-79.97,-3
36.4,-77.42,4.053571429
35.18,-79.68,-5.625
34.75,-79.47,0.9
35.91,-81.54,5.85
35.85,-80.26,7.95
35.8,-82.67,-5.375
34.98,-80.52,4.027777778
34.73,-76.74,5.325
35.73,-81.67,6.333333333
36.5,-80.65,1.825
35.27,-82.65,0.425
35.87,-76.66,-1.625
35.79,-78.7,1.638888889
35.68,-80.48,1.675
35.31,-81.57,-3.325
35.81,-80.88,10.075
35.88,-77.54,1.416666667
36.4,-81.31,-2.557142857
35.21,-82.25,6.025
35.49,-82.97,3.6
35.85,-77.03,1.625
35.69,-77.95,3.325
46.04,-99.37,-1.694444444
48.82,-100.45,-3.625
46.19,-103.37,-2.25
48.92,-103.3,-4.611111111
46.16,-98.4,-3.15
47.92,-97.1,-0.275
46.88,-98.69,1.725
48.67,-102.1,-1.7
47.48,-100.45,-6.628571429
47.58,-98.64,-3.325
46.39,-97.24,-1.583333333
48.18,-101.3,-0.675
46.51,-99.77,1.333333333
46.54,-102.87,-7.433333333
46.89,-101.49,-3.5
47.52,-100.89,-1.375
48.61,-100.73,-1.785714286
40.35,-83.78,-4.396825397
41.38,-83.61,-6.975
40.81,-82.97,-8.925
41.59,-81.19,-7.475
39.61,-82.96,-2
40.24,-81.87,-0.9
41.28,-84.38,-9.55
41.05,-83.66,-12.375
38.82,-82.18,-0.277777778
40.1,-84.65,-12.93333333
39.23,-83.61,-3.1
41.31,-81.15,-4.5
40.72,-84.13,-7.833333333
40.19,-83.27,-13.35714286
40.09,-82.41,-3.05
39.73,-82.22,-3.125
41.75,-81.3,-17.075
40.95,-83.96,-9.6
38.76,-82.89,0.9
40.1,-83.78,-8.185714286
40.85,-84.58,-1.75
41.2,-80.81,-1.875
41.52,-84.15,-5.4
39.11,-82.98,-1.75
40.78,-81.92,-9.7
39.6,-83.91,-9.625
35.39,-99.51,-0.666666667
36.42,-97.87,5.95
36.59,-101.62,6.125
36.23,-99.17,2.553571429
36.39,-95.06,7.722222222
45.72,-120.21,3.317460317
42.21,-122.71,-6.95
43.15,-124.4,-5.222222222
45.64,-121.95,-13.975
46.11,-123.21,-10.2
45.21,-123.89,-10.95
44.63,-123.19,-8.966666667
43.79,-123.03,-4.071428571
43.72,-123.06,-6.785714286
42.9,-122.13,-3.416666667
44.95,-123.29,-13.425
43.78,-122.96,-9.8
45.27,-122.32,-15.15277778
45.52,-123.1,-3.942857143
45.3,-121.74,-9.888888889
45.45,-122.15,-18.25
45.37,-119.56,-7.757142857
45.68,-121.52,-17.56666667
44.1,-122.69,-7.475
43.98,-117.02,-3.9
44.61,-121.95,-13.425
45.48,-120.72,-5.2
45.03,-123.92,-5.175
43.65,-117.25,2.575
42.73,-122.52,-16.61428571
42.95,-123.36,-12.925
44.79,-122.82,-7.73015873
45.12,-122.07,-6.857142857
43.68,-121.69,-8.079365079
41.9,-78.71,-6.375
39.8,-79.37,-11.35
41.4,-79.83,-5.027777778
40.6,-79.12,-4.975
41.5,-80.47,-7.285714286
41.68,-78.8,-7.25
40.12,-76.43,-12.16666667
41.42,-78.75,-9.375
40.06,-77.52,-6.875
41.06,-80.06,-2.7
40.79,-77.87,-7
41.75,-76.44,-5.914285714
41.85,-79.15,-5.325
41.49,-71.54,-17.575
34.53,-82.66,2.4
33.29,-81.03,2.888888889
34.09,-82.59,-0.875
34.7,-79.88,3.133333333
34.68,-81.2,1.925
33.66,-82.19,-6.666666667
34.66,-82.82,2.3
33.99,-81.02,-1.349206349
34.3,-79.88,3
34.5,-82.02,4.263888889
34.2,-81.41,2.725
34.88,-82.72,6.444444444
33.99,-81.77,5.277777778
34.64,-81.52,0.375
33.94,-80.35,8.541666667
34.61,-81.67,2.5
34.75,-83.08,6.525
34.37,-81.08,3.242857143
34.94,-81.04,-0.458333333
43.49,-99.06,-8.975
43.65,-97.8,-3.75
45.53,-102.47,-10.375
45.79,-97.75,0.095238095
44.33,-96.77,-2.575
43.31,-96.59,0.633333333
43.04,-96.9,-2.5
43.96,-101.86,-6.73015873
44.38,-97.55,-4.416666667
45.77,-99.62,-0.3
45.03,-99.12,-4.319444444
44.05,-96.59,0.763888889
44.07,-98.08,-6.271428571
44.41,-103.48,-7.325
45.02,-99.94,-0.066666667
43.24,-99.43,-5.075
43.44,-103.47,-10.925
43.9,-99.86,-10.55
44.35,-103.74,-12.85
45.94,-102.16,-15.2
45.84,-101.28,-8.95
43.24,-97.57,-10.575
44.52,-98.98,-3.085714286
43.89,-100.71,-11.625
44.71,-103.43,-9.875
43.19,-103.24,-8.285714286
45.9,-100.29,-7.972222222
45.67,-97.04,-0.194444444
45.43,-101.08,-8.725
42.99,-97.87,-5.95
42.76,-96.92,-8.625
43.69,-98.67,-3.930555556
43.37,-99.84,-6.4
43.5,-100.48,-2.725
36.38,-84.87,-5.611111111
35.59,-89.26,8.085714286
36.25,-85.95,9.7
36.55,-87.34,-2.05
36.01,-85.13,-8.396825397
36.08,-87.4,4.114285714
35.69,-83.54,3.444444444
36.11,-82.84,6.725
35.62,-88.85,4.291666667
36.52,-82.53,3.625
35.41,-86.81,0.875
36.34,-88.86,10.33333333
35.67,-85.78,1.1
35.92,-86.37,10.8
35.98,-83.2,3.4
36.42,-82.98,6.793650794
36.47,-86.84,-0.225
36.39,-89.03,-0.625
35.3,-87.76,-3.175
31.74,-99.98,-1.471428571
30.07,-94.29,-0.5
28.46,-97.71,2.6
29.8,-98.74,0.05
31.14,-99.35,-1.125
34.98,-101.93,6.9
32.31,-97.41,6.471428571
30.33,-95.48,-1.888888889
33.66,-101.28,-1.975
33.2,-97.11,2.861111111
29.47,-96.94,1.35
32.18,-94.8,4.2
32.02,-97.11,0.930555556
30.71,-95.54,0.7
33.21,-98.17,9.633333333
33.55,-102.38,5.25
30.74,-98.65,-5.125
29.68,-97.66,-0.166666667
30.94,-95.92,6.777777778
32.49,-94.33,3.1
34.73,-100.54,1.625
30.67,-104.02,-2.871428571
34.22,-102.73,2.375
34.19,-101.7,-3.416666667
32.45,-100.53,3.625
31.81,-95.14,1.433333333
32.71,-102.66,-0.457142857
33.7,-96.64,0.375
33.15,-95.63,-1.25
34.56,-101.72,2.6
32.75,-97.77,3.933333333
32.7,-96.02,0.175
37.44,-112.48,-11.04166667
38.71,-112.95,-6.125
37.61,-109.48,-11.575
40.62,-111.78,-2.271428571
40.4,-111.53,-12.3
39.29,-112.65,-4.55
40.17,-110.4,-13.75
40.97,-111.43,-12.85
40.36,-109.35,-8.166666667
37.03,-112.54,-13.225
41.83,-111.32,-4.6
39.56,-111.87,-6.777777778
41.75,-111.8,-8.25
39.26,-111.63,-8.4
39.71,-111.83,-2.75
39.37,-112.33,-0.825
39.63,-113.89,-7.180555556
41.26,-111.84,-4.385714286
41.91,-111.81,-9.714285714
40.29,-109.96,-8.507936508
39.96,-111.78,-7
40.6,-111.58,-1.233333333
40.08,-111.6,-8.513888889
40.54,-112.32,-10.05
40.44,-109.54,-7.027777778
41.51,-111.16,-9.857142857
37.21,-112.98,-7.725
44.95,-72.19,-0.428571429
43.63,-72.98,3.575
44.42,-72.02,-4.3
37.2,-80.41,-7.875
37.09,-81.34,0.285714286
38.03,-78.52,-5.4
36.82,-79.41,2.225
38.45,-78.94,-5.225
38,-79.83,-2.85
36.6,-78.3,-8.619047619
37.78,-79.44,2.725
39.14,-77.71,6.328571429
38.04,-78.01,-4.95
38.23,-78.12,-1.8
36.73,-76.6,-2.425
37.74,-77.04,-3.3
37.99,-76.78,0.466666667
37.3,-76.7,-1.944444444
36.94,-81.06,-1.206349206
48.99,-122.76,-16.22222222
47.41,-121.76,-4.15
46.72,-122.95,-4.214285714
48.27,-117.74,-6.6
48.97,-122.33,-10.975
48.54,-121.74,2
47.66,-118.16,1.777777778
46.32,-118,-1.3
48.71,-121.14,-5.833333333
47.01,-123.4,-12.125
47.96,-124.35,-14.775
46.82,-117.88,0.966666667
47,-118.57,-8.375
47.14,-121.94,-13.525
48.9,-117.83,0.583333333
47.33,-118.7,-3.65
47.31,-121.86,-18.94285714
46.76,-117.19,-11.05555556
48.65,-118.74,-5.25
46.31,-119.26,3.528571429
47.12,-118.37,-2.5
47.23,-117.36,-7.275
45.68,-122.65,3.694444444
47.43,-120.31,-6.069444444
47.77,-118.72,-0.5
48.47,-120.19,-6.638888889
39.27,-79.37,-2.057142857
37.76,-81.19,0.65
38.98,-80.22,-3.35
39.27,-80.35,-12.41428571
39.46,-80.14,-6.85
38.93,-80.83,-0.55
38.68,-82.18,-3.396825397
38.19,-81.37,-6.175
38.1,-81.85,-7.775
39.47,-80.86,-8.125
39.62,-79.97,-0.571428571
38.82,-81.71,-8.875
38.8,-81.36,2.232142857
37.79,-80.31,-1.1
38.53,-81.92,-6.888888889
44.33,-91.92,-2.375
45.3,-92.36,-0.6
44.28,-88.44,-1.15
43.46,-89.73,-5.775
45.09,-91.49,-0.75
42.62,-89.39,-4.375
44.03,-88.15,-0.4
44.62,-88.75,-1.5
45.53,-92.02,1.828571429
44.73,-92.46,0.527777778
43.8,-88.45,-0.271428571
42.91,-88.86,-3.65
43.57,-91.23,-4.611111111
43.24,-88.12,-2.805555556
46.25,-91.8,2.517857143
44.12,-89.54,-2.2
42.56,-87.82,-6
42.83,-90.79,-3.15
43.21,-91.1,-5.1
44.09,-87.65,1.3
45.1,-87.62,4.7
44.64,-90.13,-2.65
44.17,-90.35,-3.875
45.13,-90.34,-3.433333333
45.18,-89.66,0.25
45.89,-89.73,3.458333333
44.54,-90.54,-2.65
44.89,-87.96,1.825
44.02,-88.56,-3.7
43.73,-87.97,-0.944444444
43.53,-89.44,-0.587301587
43.05,-91.14,-2.275
42.7,-87.79,1.2
45.6,-89.45,2.430555556
45.42,-91.77,-2.571428571
44.85,-92.61,-1
44.75,-89.25,-4.763888889
45.41,-92.65,-2.902777778
44.76,-88.62,1.8
45.82,-91.88,-1.1
44.51,-89.59,-1.325
44.88,-87.34,1.875
44,-91.44,-7.013888889
44.14,-87.57,4.5
43.56,-90.88,-2.694444444
45.36,-86.89,4.8
43.17,-88.74,1.2
44.35,-89.06,-1.208333333
42.85,-88.72,-1.208333333
43.61,-89.76,-2.8
43.77,-111.03,-2.761904762
44.38,-108.04,-10.6
44.1,-105.12,-10.69444444
44.27,-105.45,-15.27777778
43.49,-110.76,1.55
43.71,-106.64,-7.275
44.84,-108.4,-8.722222222
43.86,-110.59,0.475
43.85,-104.19,-5.535714286
43.25,-104.29,-11.85
44.84,-106.84,-14.3968254
44.92,-110.42,-5
44.09,-104.61,-12.30357143
44.98,-110.7,-5.430555556
35.14,-111.67,-10.65
33.63,-116.16,-1.675
33.8,-118.34,-4.777777778
39.34,-81.44,-7.3
35.74,-81.38,-1.625
35.59,-88.92,1.2
32.69,-83.65,-0.25
37.07,-88.77,-5.325
33.37,-81.96,-2.85
32.13,-81.2,-2.275
36,-84.22,-2.525
30.59,-96.36,-0.638888889
38.78,-97.64,-10.06349206
36.77,-96.01,2.325
42.2,-75.98,-6.861111111
28.42,-81.32,-3.5
29.17,-81.07,-3.3
27.96,-82.54,-4.05
30,-90.28,0.75
29.95,-94.03,-0.725
29.65,-95.28,-0.65
25.92,-97.42,0.388888889
29.54,-98.48,0.05
27.78,-97.51,-0.513888889
28.72,-96.25,1
38.3,-76.42,-4.328571429
35.89,-78.78,-1.8
36.1,-79.94,-8.375
39.38,-74.42,-13.05
38.89,-79.86,-11.88888889
37.32,-79.21,-4.5
39.4,-77.98,-13.85
39.65,-79.92,-9
36.9,-76.19,-2.275
39.87,-75.23,-13.925
37.51,-77.32,-6.025
37.32,-79.97,-5.175
38.85,-77.03,-10.9
34.19,-79.73,-1.6
34.27,-77.9,-0.625
36.94,-76.29,-5.257142857
34.9,-76.88,0.475
36.82,-76.03,-3
39.67,-75.61,-14.675
32.78,-79.92,-2.7
38.52,-89.85,-11.54285714
32.33,-88.75,-0.525
38.38,-81.59,-3.65
39.28,-81.56,-4.966666667
31.54,-82.51,-2.125
33.59,-85.85,-0.35
35.6,-82.56,-4.325
33.95,-83.33,-7.3
33.63,-84.44,-5.425
33.57,-86.75,-1.5
36.48,-82.4,-4.375
31.15,-81.39,-2.025
32.9,-80.04,-2.975
35.22,-80.95,-1.775
35.03,-85.2,-5.65
33.95,-81.12,-4.05
30.48,-81.7,0.675
35.82,-83.99,-0.15
35.06,-89.99,-2.875
30.68,-88.24,1.075
32.3,-86.41,-0.075
34.74,-87.6,-2.275
36.11,-86.69,-4.975
30.48,-87.19,-0.15
32.52,-92.03,1.575
32.45,-93.84,-0.15
30.32,-97.76,-0.95
31.62,-97.23,1.175
32.84,-96.84,-1.5
32.41,-99.68,0.975
34.73,-92.24,-1.275
35.33,-94.37,-2.55
33.98,-98.49,0.25
35.39,-97.6,-2.25
36.2,-95.88,-2.425
36.74,-97.1,-3.05
30.54,-91.15,2.35
36.3,-99.77,-2.4
30.2,-91.99,0.825
33.46,-93.99,-0.675
33.5,-90.09,-1.425
37.16,-98.03,0.416666667
37.67,-95.48,-5.925
37.76,-99.97,-5.3
37.15,-94.5,-2.975
39.13,-94.59,-9.05
38.75,-90.37,-5.425
37.24,-93.4,-5.225
39.07,-95.63,-13.65
44.32,-69.8,-2.675
44.8,-68.82,-3.5
46.87,-68.02,-4.325
46.12,-67.79,-0.55
40.78,-73.88,-14.55
42.95,-78.74,-7.55
40.68,-74.17,-15.675
42.75,-73.8,-9.2
40.65,-75.45,-16.175
42.36,-71.01,-9.725
41.94,-72.68,-9.444444444
44.47,-73.15,-6.15
43.21,-71.5,-5.825
43.34,-73.61,-3.625
41.74,-72.65,-11.15
44.27,-71.3,-3.475
43.64,-70.3,-6.825
41.72,-71.43,-14.675
43.12,-77.68,-9.4
43.11,-76.1,-6.05
41.33,-75.72,-14.44444444
41.24,-76.92,-9.05
42.61,-82.82,-7.028571429
40.31,-88.16,-8.375
44.27,-85.4,-2.175
41.41,-81.86,-13.65
39.99,-82.88,-7.625
42.41,-83.01,-9.1
41.01,-83.67,-13.9
42.97,-83.75,-10.95
40.97,-85.21,-12.425
43.98,-84.49,-2.675
42.26,-84.46,-9.45
43.14,-89.35,-5.95
46.55,-87.38,5.625
42.96,-87.9,-9.725
43.17,-86.24,-7.625
45.56,-84.79,-2.35
40.67,-89.68,-13.1
43.53,-84.08,-6.45
41.45,-82.72,-9.175
46.48,-84.36,-2.675
41.71,-86.32,-9.525
44.74,-85.57,-4.975
41.25,-80.67,-17.1
42.08,-80.18,-12.325
40.92,-81.44,-19.425
44.93,-89.63,-5.025
44.5,-88.11,-5.5
45.87,-95.39,-5.475
46.84,-92.21,-7.2
46.92,-96.81,-3.575
47.94,-97.18,-0.95
48.56,-93.4,-3.3
46.93,-98.67,-1.425
43.88,-91.25,-9.775
44.89,-93.23,-5.3
41.45,-90.52,-11.625
48.97,-97.24,0.365079365
43.9,-92.49,-5.15
45.54,-94.05,-3.9
45.46,-98.41,-5.675
41.53,-93.65,-11.7
40.96,-98.31,-14.075
44.38,-98.22,-7.15
43.15,-93.33,-5.2
41.98,-97.43,-14
41.31,-95.9,-15.25
42.39,-96.38,-11.475
43.59,-96.73,-9.475
44.9,-97.15,-4.575
41.1,-92.44,-12.675
44.87,-91.49,-4.35
44.55,-95.08,-6.5
45.77,-92.69,-2.166666667
34.43,-100.28,1.025
33.31,-104.51,-0.6
31.94,-102.19,0.325
31.37,-100.49,1.45
31.78,-103.2,3.2
33.65,-101.81,-3.7
31.81,-106.38,0.55
35.23,-101.71,-5.1
35.04,-106.62,-2.2
36.45,-103.15,-7.05
35.66,-105.14,-9.5
37.44,-105.86,-13.825
39.76,-104.87,-4.675
39.37,-101.7,-13.7
39.13,-108.54,-8.425
38.05,-103.51,-8.625
37.26,-104.33,-4.042857143
33.81,-118.15,-4.916666667
39.3,-114.85,-10.525
35.43,-119.06,-0.875
37.37,-118.36,-13.275
33.62,-114.71,-2.025
32.13,-110.96,-2.65
34.85,-116.79,-1.025
36.07,-115.16,-8.55
38.37,-110.72,-10.07142857
33.94,-118.39,-3.6
34.77,-114.62,-4.7
33.43,-112,-5.325
34.65,-112.42,-11.95
39.51,-119.77,-21.85
32.73,-117.18,-2.8
34.42,-119.84,-2.25
35.03,-110.72,-7.825
38.51,-121.5,-4.825
36.66,-121.61,-3.928571429
37.62,-122.37,-4.671428571
37.89,-121.23,-4.675
37.63,-120.96,-3.333333333
38.56,-121.42,-4.55
37.77,-122.43,-3.525
34.89,-120.45,-4
46.77,-100.76,-7.15
46.8,-102.8,-7.05
48.25,-101.27,-8.5
40.17,-103.21,-12.15
41.15,-104.81,-13.875
40.52,-101.03,-7.761904762
42.82,-108.73,-8.471428571
41.32,-105.67,-6.375
41.12,-100.67,-12.175
44.38,-100.29,-11.05
41.59,-109.05,-8.3
41.87,-103.6,-11.9
44.76,-106.97,-10.575
42.86,-100.55,-16.85
45.81,-108.55,-9.15
47.05,-109.46,-7.9
46.43,-105.88,-8.875
41.81,-107.2,-8.972222222
42.9,-106.47,-8.025
44.05,-103.05,-6.65
40.82,-115.79,-14.625
40.77,-111.97,-12.65
40.9,-117.81,-8.9
44.84,-117.81,-10.775
43.57,-116.24,-11.55
45.79,-111.16,-10.525
42.55,-113.77,-10.875
45.96,-112.5,-9.2
48.6,-112.38,-12.2
47.31,-119.52,-6.025
47.47,-111.38,-8.475
46.6,-111.99,-12.85
43.52,-112.07,-8.1
46.37,-117.02,-13.275
45.7,-110.44,-10.8
46.92,-114.09,-6.8
45.69,-118.85,-8.175
42.92,-112.57,-10.575
47.62,-117.53,-9.95
46.09,-118.29,-9.425
40.07,-118.57,0.075
40.81,-124.16,-1.825
40.15,-122.25,-7.475
48.8,-122.54,-18.775
45.62,-121.17,-12.5
44.13,-123.22,-9.25
42.38,-122.88,-13.15
46.97,-122.91,-13.75
45.6,-122.61,-12.575
44.26,-121.14,-10.94444444
44.91,-123,-11.6
47.44,-122.31,-22.25
42.6,-123.37,-19.325
46.56,-120.54,-11.825
43.41,-124.24,-6.2
39.23,-106.32,1
39.27,-103.67,-6.325
32.33,-104.26,3.7
38.81,-104.69,-13.275
36.03,-102.55,-1.025
35.07,-108.84,-8.2
32.69,-117.21,-2.75
37.71,-113.1,-7.2
34.02,-118.29,-3
34.23,-111.34,-11
36.78,-119.72,-5.275
35.67,-120.63,-5.225
35.07,-77.05,0.425
38.34,-75.51,-7.775
39.17,-76.68,-10.675
30.4,-84.33,-0.825
36.96,-86.42,-8.325
39.04,-84.67,-9.5
39.91,-84.22,-10.75
38.05,-87.51,-6.05
39.71,-86.28,-9.9
38.03,-84.61,-8.025
38.18,-85.73,-9.125
39.85,-89.68,-10.85
39.95,-81.89,-6.528571429
30.23,-81.67,-0.425
32.52,-84.94,-2.875
34.5,-82.71,-2.225
31.18,-90.47,0.525
34.99,-99.05,-1.675
31.24,-94.75,0.55
34.18,-91.93,0.575
39.94,-91.2,-12.925
33.22,-92.81,2.138888889
38.87,-98.81,-12.2
48.21,-106.62,-9.125
41.16,-73.13,-12.41666667
44.21,-72.57,-2.85
44.93,-74.85,-1.7
40.78,-73.97,-15.375
42.27,-71.87,-7.85
40.64,-73.76,-13.325
43.99,-76.03,-3.35
42.19,-89.09,-10.175
40.48,-80.21,-7.95
42.4,-90.71,-7.097222222
42.55,-92.4,-8.95
42.88,-97.36,-12.22857143
40.08,-95.59,-9
46.9,-95.07,-3.6
64.86,-147.85,-4.425
64.79,-141.2,-2.732142857
61.57,-149.25,-6.861111111
63.72,-148.97,-4.175
64.86,-147.86,-3.875
58.35,-134.56,-16.275
57.05,-135.37,-25.45
59.51,-139.67,-19.275
57.75,-152.49,-19.425
58.68,-156.63,-14.61428571
59.75,-154.91,-14.975
59.64,-151.49,-19.5
55.22,-162.73,-13.52777778
57.16,-170.22,-14.25
60.49,-145.44,-14.625
64.8,-147.88,-4.775
62.96,-141.94,-6.694444444
63.99,-145.72,-5.675
62.16,-145.46,-6.171428571
60.13,-149.42,-9.65
62.96,-155.61,-5.328571429
60.58,-151.24,-10.35
62.32,-150.1,-8
65.17,-152.11,-2.875
66.92,-151.52,-6.652777778
60.79,-161.83,-9.55
66.89,-162.61,-6.714285714
64.51,-165.44,-6.275